{
  "success": true,
  "optimal_features": {
    "temperature_c": 29.0,
    "humidity_pct": 80.0,
    "rainfall_mm": 150.0,
    "wind_speed_kmh": 20.5,
    "production_kg": 3500000.0,
    "month": 7.0
  },
  "predicted_waste_percentages": {
    "total_waste_kg": 2.877770476015212,
    "salt_dust_kg": 1.0158359639571737,
    "brine_runoff_kg": 0.7223583963579967,
    "organic_matter_kg": 0.4354994811312214,
    "packaging_waste_kg": 0.4354994811312214,
    "other_solids_kg": 0.2877870866248646
  },
  "target_waste_percentages": {},
  "objective_value": 2.877770476015212,
  "iterations": 1,
  "method": "SLSQP",
  "message": "Optimization terminated successfully",
  "timestamp": "2025-12-27T12:00:32.453199"
}