{
  "success": true,
  "optimal_features": {
    "temperature_c": 26.00000001497398,
    "humidity_pct": 70.00000009119016,
    "rainfall_mm": 80.0185777635192,
    "wind_speed_kmh": 25.613813221140497,
    "production_kg": 9998427.872078195,
    "month": 7.0
  },
  "predicted_waste_percentages": {
    "total_waste_kg": 87.81251156129322,
    "salt_dust_kg": -27.169600743856027,
    "brine_runoff_kg": -41.10111814837236,
    "organic_matter_kg": -8.135082943640718,
    "packaging_waste_kg": -17.144246470398194,
    "other_solids_kg": -11.511739263735013
  },
  "target_waste_percentages": {
    "total_waste_kg": 50.0
  },
  "objective_value": 1429.7860305729334,
  "iterations": 114,
  "method": "SLSQP",
  "message": "Optimization terminated successfully.",
  "timestamp": "2025-12-29T11:56:28.373072"
}