{
  "success": true,
  "optimal_features": {
    "temperature_c": 26.000000000000025,
    "humidity_pct": 70.00000000000003,
    "rainfall_mm": 149.9999926613163,
    "wind_speed_kmh": 20.5,
    "production_kg": 5249999.999997083,
    "month": 7.0
  },
  "predicted_waste_percentages": {
    "total_waste_kg": 87.81316804889701,
    "salt_dust_kg": -27.16954023095542,
    "brine_runoff_kg": -41.101071202086075,
    "organic_matter_kg": -8.135047613821557,
    "packaging_waste_kg": -17.14420964667476,
    "other_solids_kg": -11.511661832383941
  },
  "target_waste_percentages": {},
  "objective_value": 87.81316804889701,
  "iterations": 5,
  "method": "SLSQP",
  "message": "Optimization terminated successfully",
  "timestamp": "2025-12-29T11:55:42.264016"
}